customer_id,name,signup_date,country
1,Steven Garcia,10/3/2024,Paraguay
2,Brian Thomas,2/13/2025,Libyan Arab Jamahiriya
3,Edwin Lewis,9/14/2023,Kazakhstan
4,Lance Benson,5/21/2025,Spain
5,Karla Miller,10/15/2024,Falkland Islands (Malvinas)
6,Tara Gonzalez,3/1/2025,Luxembourg
7,Edward Stone,9/28/2024,Belgium
8,Kevin Finley,9/3/2023,Ireland
9,Chris Walker,7/8/2025,Guadeloupe
10,Debbie Wu,7/17/2024,Belarus
11,Kristy Johnson,12/13/2024,Dominica
12,Kathryn Price,6/8/2024,Macedonia
13,Jessica Mann,2/7/2025,Central African Republic
14,Joshua James,5/15/2025,Tonga
15,Mark Woods,11/12/2024,Swaziland
16,Dawn Scott,11/1/2023,Palestinian Territory
17,Dana Santos,5/14/2025,Qatar
18,Christine Robbins,1/30/2025,Niger
19,Jennifer Aguilar,12/26/2024,Malta
20,Carol Davidson,2/28/2024,Tajikistan
21,Renee Martinez,5/25/2025,Christmas Island
22,Tyler Ramsey,12/15/2023,Hong Kong
23,Bradley Walker,3/13/2024,Madagascar
24,Susan Moore,4/3/2025,Macedonia
25,Joseph Tate,2/23/2025,Bahrain
26,Shelby Bowman,7/10/2024,Dominica
27,Catherine Taylor,2/24/2024,Aruba
28,Mary Burnett,4/29/2024,American Samoa
29,Diana Chavez,9/20/2024,Aruba
30,John Silva,6/27/2025,Marshall Islands
31,Dennis Davis,2/21/2024,Ethiopia
32,Melissa Mann,8/15/2024,Martinique
33,Christopher Simpson,3/29/2024,Venezuela
34,Robert Small,2/11/2025,Kenya
35,Jonathan Nguyen,5/1/2025,South Georgia and the South Sandwich Islands
36,Randy Mcdaniel,4/22/2025,Mongolia
37,David Lewis,4/21/2024,Czech Republic
38,Melinda Obrien,10/19/2024,Iceland
39,Nathan Williams,7/8/2024,Sierra Leone
40,Daniel Hogan,6/22/2024,Western Sahara
41,Sara Wood,3/31/2024,Pitcairn Islands
42,Ryan Sexton,10/4/2023,Djibouti
43,Mary Ramirez,5/27/2025,Iran
44,David Martin,12/5/2023,Peru
45,Michael Moore,8/17/2025,Tonga
46,Paul Williams,11/14/2024,Burundi
47,Teresa Fernandez,11/27/2023,Kiribati
48,Katherine Williams,7/18/2025,Saint Pierre and Miquelon
49,Andrew Hunter,12/14/2023,New Caledonia
50,John Ramos,11/15/2023,Somalia
51,Nicole Simpson,10/20/2024,French Southern Territories
52,Jessica Fisher,10/2/2023,Saint Pierre and Miquelon
53,Elizabeth Martinez,10/16/2024,Russian Federation
54,Francisco Bryant,2/24/2024,Eritrea
55,Steven Morgan,12/9/2024,Egypt
56,James Carey,3/8/2024,Guinea
57,Christopher Daniels,2/8/2024,Ireland
58,Luis Decker,2/6/2024,Morocco
59,Heather Lewis,2/14/2025,Guyana
60,Elizabeth Watson,11/3/2023,Argentina
61,Danielle Mathis,8/5/2024,Dominican Republic
62,John Chapman,9/2/2024,Czech Republic
63,David Griffin,7/25/2025,Chad
64,Matthew Wood,12/4/2024,Tanzania
65,Gloria Rocha,5/29/2024,Germany
66,Joe Russell,2/19/2025,British Indian Ocean Territory (Chagos Archipelago)
67,Mary Gonzalez,5/13/2025,Botswana
68,Cameron Fritz,9/3/2023,Czech Republic
69,Samuel Jones,8/6/2024,Guadeloupe
70,Timothy Hawkins,10/21/2023,Brazil
71,Angela West,4/16/2024,Ethiopia
72,Dr. Michael Gray,8/23/2024,Senegal
73,Richard Hill,10/18/2023,Mali
74,Stephanie Fisher,6/13/2025,Ukraine
75,Tonya Bowen,8/27/2023,Thailand
76,Sara Garcia,12/15/2024,Kyrgyz Republic
77,Travis Henderson,12/17/2023,Marshall Islands
78,Lisa Taylor,10/30/2024,Belize
79,Mark Strickland,12/21/2023,Niger
80,Aaron Stanton,4/8/2024,Jordan
81,Julie Wells,2/9/2025,Congo
82,Derrick Franklin,3/24/2025,Faroe Islands
83,Jessica Lozano,9/22/2023,Gabon
84,Margaret Davis,8/8/2024,Norway
85,Stephanie Frye,11/1/2024,Tajikistan
86,Richard Flowers,6/23/2024,Christmas Island
87,Jill Blair,7/19/2025,Panama
88,Daniel Sanchez,1/14/2025,Christmas Island
89,Stephanie Black,10/3/2024,Isle of Man
90,Catherine Mcmahon,3/1/2024,Niger
91,James Stewart,2/1/2024,Guernsey
92,Lisa Vincent,11/27/2024,American Samoa
93,Christopher Gonzalez,9/30/2023,Ethiopia
94,Vanessa Pruitt,2/16/2025,Bahrain
95,William Bass,5/29/2025,Iraq
96,Kathleen Brown,5/29/2024,Western Sahara
97,Jocelyn Hernandez,12/26/2024,Djibouti
98,Mary Dodson,1/5/2025,Bahrain
99,Steven Williams,7/30/2025,Vietnam
100,Chelsea Davis,5/13/2025,United Arab Emirates
101,Christopher Garcia,8/24/2023,Tanzania
102,Gary Hall,6/29/2025,Montserrat
103,Susan Shaffer,3/8/2024,Benin
104,Lisa Williams,1/7/2025,Russian Federation
105,Janice Pearson,5/5/2025,Faroe Islands
106,Victor White,10/25/2023,French Southern Territories
107,Justin Williamson,7/26/2024,Haiti
108,Melanie Ball,2/23/2025,Saint Martin
109,Mary Thompson,5/14/2025,Croatia
110,Patrick White,8/1/2024,South Africa
111,Susan Brown,12/25/2024,Korea
112,Erika Clark,6/23/2025,Malaysia
113,Alison Kennedy,12/11/2024,Brunei Darussalam
114,Jaclyn Smith,8/13/2024,Bahamas
115,Ryan Porter,5/2/2025,Liberia
116,John Rodriguez,12/4/2023,Niger
117,Mariah Powell,3/16/2025,Saint Helena
118,Michael Hood,8/1/2024,Japan
119,Rebecca Fleming,9/8/2023,Tuvalu
120,Tina Marks,10/14/2024,Puerto Rico
121,Kathy Jones,10/22/2024,Cayman Islands
122,Alison Smith,9/6/2023,Serbia
123,April Herman,1/10/2024,Peru
124,Ashley James,8/13/2025,Liberia
125,Aaron Ramos,3/7/2025,Panama
126,Eric Stanley,6/28/2025,Ecuador
127,Laura Williams,2/22/2024,Iran
128,Joseph Lee,9/19/2023,Bouvet Island (Bouvetoya)
129,Becky Jensen,6/1/2025,Poland
130,Jonathan Li,10/15/2023,Saint Martin
131,David Smith,6/5/2025,Malawi
132,Jasmine Cooper,10/15/2024,Grenada
133,Jeff Jefferson,2/21/2024,Liberia
134,Samantha Ferguson,3/21/2025,Georgia
135,David Brown,10/30/2023,Cambodia
136,Tracey Manning,12/3/2024,Pakistan
137,Martin Garcia,12/27/2024,Costa Rica
138,Patricia White MD,6/10/2025,India
139,Anthony Lawrence,2/23/2024,Libyan Arab Jamahiriya
140,Carolyn Brown,12/23/2023,Jordan
141,Alison Powers,7/12/2024,Benin
142,Amber Smith,8/17/2024,Comoros
143,Denise Davis,3/10/2024,Saint Barthelemy
144,Matthew Yoder,6/8/2024,Iceland
145,Andrea Gonzalez,2/22/2025,Macao
146,Sara Aguilar,9/20/2024,Guernsey
147,Cindy Hines,3/6/2024,Madagascar
148,Daniel Bryant,4/24/2025,Bulgaria
149,Jesse Rodriguez,11/21/2024,Marshall Islands
150,Laura Clark,11/20/2023,Mauritius
151,Isaac Cole,12/10/2024,Bosnia and Herzegovina
152,Ashley Ryan,11/24/2023,South Georgia and the South Sandwich Islands
153,Jose Duncan,2/18/2024,Pitcairn Islands
154,George Hawkins,8/23/2024,Togo
155,Jaime Smith,9/26/2023,Seychelles
156,Frank Krueger,1/9/2024,Pitcairn Islands
157,Kevin Boyd,8/1/2024,Portugal
158,Eddie Michael,12/30/2024,Algeria
159,Elizabeth Young,2/10/2024,Saint Helena
160,Karen James,1/19/2024,Algeria
161,Stacey Baker,12/8/2024,Tunisia
162,Katie Cooper,9/24/2023,Brunei Darussalam
163,Olivia Atkinson,3/1/2024,Congo
164,Kyle Kim,9/25/2024,El Salvador
165,Lori Wilkerson,10/27/2024,Libyan Arab Jamahiriya
166,Sheryl Martin,1/5/2024,Argentina
167,Denise Woods,2/19/2025,Seychelles
168,Samantha Williams,4/16/2025,Ghana
169,Christopher Parsons,8/18/2025,Christmas Island
170,Eric Scott,6/18/2025,British Virgin Islands
171,Logan Bailey,1/9/2025,Madagascar
172,Ruben Willis,6/19/2024,Ethiopia
173,Kara Fuller,12/5/2024,Western Sahara
174,Anita Webb,11/2/2024,Sweden
175,Chelsea Cummings MD,4/22/2024,Macedonia
176,Nicholas Brown,12/13/2024,Croatia
177,Jessica Martin,10/17/2023,Belarus
178,Leonard Morales,4/5/2024,Burkina Faso
179,Susan Caldwell,2/9/2024,Guam
180,Gary Bennett,6/29/2025,Tuvalu
181,Taylor Miles,10/25/2023,Costa Rica
182,Karina Oneill,12/4/2023,Iran
183,Lindsey Rivas,8/1/2025,Congo
184,Derrick Becker,12/28/2023,South Georgia and the South Sandwich Islands
185,Stephanie Henry,4/7/2024,Gambia
186,Jay Mills,2/21/2024,Japan
187,Charles Atkins,10/7/2024,Saint Kitts and Nevis
188,Dr. Margaret Henson,2/15/2025,Vietnam
189,Mariah Thomas,11/2/2023,Honduras
190,Diane Parker,7/5/2024,Belarus
191,Randy Hill,3/15/2024,Anguilla
192,Jordan Gonzalez,10/24/2024,China
193,Latoya Owens,11/8/2024,Namibia
194,Darrell Mendez,12/12/2024,South Africa
195,Patrick Frey,7/7/2025,South Africa
196,Allen Martinez,10/29/2023,Tunisia
197,Timothy Shepard,5/4/2025,Netherlands
198,Thomas Cooper,9/17/2023,Macao
199,Andrea Davis,5/17/2025,United Arab Emirates
200,Laura Mcdonald,10/14/2024,Bhutan
201,Sandra Shaw,6/27/2024,Belize
202,Amanda Kelly,2/11/2024,Albania
203,Dillon King,7/2/2025,Myanmar
204,Pamela Warren,7/2/2024,Sierra Leone
205,Carmen Fritz,12/23/2023,Hungary
206,Shelly Wise,11/24/2023,Rwanda
207,Brian Mitchell,1/17/2024,Montserrat
208,David Myers,5/15/2024,Algeria
209,Benjamin Lee,2/18/2024,Holy See (Vatican City State)
210,Dylan Li,8/2/2025,Nicaragua
211,Emily Mclean,7/4/2025,Tanzania
212,Luis Hensley,12/7/2023,Latvia
213,John Hester,12/26/2023,Wallis and Futuna
214,Troy Erickson,11/9/2024,Grenada
215,Hailey Mckay,9/22/2024,Romania
216,Nicole Foster,9/27/2024,Serbia
217,Mark Quinn,9/4/2024,Uzbekistan
218,Brianna Wright,9/17/2024,Paraguay
219,Nicole Barrett,12/17/2024,Bulgaria
220,Denise Johns,8/10/2024,Martinique
221,Catherine Taylor,2/13/2025,Spain
222,Sean Berg,7/18/2025,Rwanda
223,Barbara Berger,11/6/2024,Bahamas
224,Pamela Galloway,4/21/2024,Guernsey
225,Amanda Fields,11/19/2023,Yemen
226,Jodi Potter,10/31/2024,France
227,Thomas Crawford,12/15/2024,Jordan
228,Gregory Young,2/7/2024,Syrian Arab Republic
229,Benjamin Obrien,9/25/2023,American Samoa
230,Thomas Campos,6/14/2025,Jamaica
231,Donna Duarte,6/4/2024,Micronesia
232,George Jones,6/25/2025,Montenegro
233,Krystal Stevenson,10/27/2023,Slovakia (Slovak Republic)
234,Jill Wilson,3/28/2025,Russian Federation
235,Anthony Williams,6/10/2025,San Marino
236,Lisa Harris,7/15/2025,Sierra Leone
237,Meghan Hernandez,4/23/2025,Chile
238,Michelle Knight,12/16/2024,Papua New Guinea
239,David Simpson,7/24/2025,Ethiopia
240,Mr. Nathan Thomas,4/16/2025,British Indian Ocean Territory (Chagos Archipelago)
241,Yvette Smith,3/22/2024,Sweden
242,Janice Wallace,8/18/2025,Lebanon
243,Penny Morrison,8/18/2025,Brazil
244,Brad Patterson,3/21/2024,Honduras
245,William Gonzales,8/5/2024,Bolivia
246,Daniel Taylor,3/4/2025,Honduras
247,Kayla Jackson,1/3/2025,Benin
248,Michael Barker,8/3/2025,Honduras
249,Eileen Cline,2/25/2025,Sweden
250,Neil Hernandez,9/8/2024,Bhutan
251,Kenneth Rogers,11/13/2024,Congo
252,Lisa Moyer,11/19/2023,India
253,Christine Carlson,4/6/2025,Malaysia
254,Joseph Keller,6/6/2025,Northern Mariana Islands
255,David Smith,1/9/2025,British Indian Ocean Territory (Chagos Archipelago)
256,Matthew Rodriguez,6/5/2024,South Georgia and the South Sandwich Islands
257,Leslie Gardner,10/29/2023,Dominican Republic
258,Rachel Henderson,2/24/2024,Angola
259,Timothy Smith,9/6/2024,Uzbekistan
260,Brandy Carter,10/26/2023,Papua New Guinea
261,Nicholas Mcbride,6/8/2025,Philippines
262,Michele Wright,9/2/2024,Zambia
263,Christopher Garcia,6/11/2025,Costa Rica
264,Mr. Matthew Sandoval,4/21/2025,Jersey
265,Douglas Thompson,7/30/2025,Kazakhstan
266,Steven Garcia,4/6/2025,Australia
267,Jennifer Hernandez,8/13/2025,Guernsey
268,John Wilson,12/29/2024,Central African Republic
269,Molly Hunt,5/5/2024,Suriname
270,Nathan Mitchell,2/23/2025,Ireland
271,Regina Long,12/7/2024,Sri Lanka
272,Isaiah Macias,6/21/2024,Congo
273,Shelly Noble,4/22/2024,Dominican Republic
274,Desiree Hansen,7/22/2025,Equatorial Guinea
275,Mr. Timothy Taylor,12/9/2023,Jordan
276,Nicole Lewis,4/14/2025,Luxembourg
277,Erica Barker,4/9/2025,Guadeloupe
278,Katherine Hays,7/4/2025,Kiribati
279,Paul Herrera,4/28/2024,Benin
280,Patricia Reynolds,1/9/2025,Dominica
281,David Vincent,9/9/2023,Chile
282,Donna Diaz,12/10/2024,Maldives
283,Melissa Martin,12/25/2023,Spain
284,Timothy Chavez,3/16/2025,Egypt
285,George Gonzalez,4/21/2025,Guam
286,Cameron Diaz,5/30/2025,Canada
287,Tracy Hensley,1/24/2025,Jersey
288,Jennifer Cordova,4/23/2024,Japan
289,Derek Reynolds,3/5/2024,Lesotho
290,Angela Villarreal,10/9/2023,Indonesia
291,Kimberly Mitchell,9/18/2023,Poland
292,Cassandra Salinas,4/19/2025,Saint Vincent and the Grenadines
293,Mackenzie Anderson,12/3/2023,Iraq
294,Kathleen Johnson,11/13/2023,Brazil
295,Brett Rodriguez,4/17/2025,Belize
296,Kelsey Johnson,1/13/2025,Austria
297,Jeremy Garcia,8/10/2024,Andorra
298,Douglas Thomas,4/3/2025,Antarctica (the territory South of 60 deg S)
299,Shelby Powell,4/14/2024,Jamaica
300,Courtney Buchanan,10/30/2023,Timor-Leste
301,Anna Burgess,12/17/2024,Mali
302,Morgan Green,3/29/2025,Singapore
303,Rachel Morton,9/18/2023,Saint Lucia
304,Chase Harris,11/2/2023,Fiji
305,Christopher Black,6/6/2024,Greenland
306,Allison Pierce,4/1/2024,Ghana
307,Danny Barron,7/31/2024,Iran
308,Sharon Horn,7/5/2025,Monaco
309,Janice Williams,4/27/2024,Argentina
310,Mitchell Watson,5/27/2024,Anguilla
311,Benjamin Johnson,6/5/2024,Barbados
312,Daniel Carlson,5/1/2024,Saint Martin
313,Lauren Blevins,9/21/2024,Senegal
314,Thomas Hernandez,10/23/2023,Korea
315,Brian Rich,5/14/2024,Iran
316,Diane Hawkins,5/31/2025,Pitcairn Islands
317,Eddie Nelson,4/22/2024,Moldova
318,Rebecca Thomas,4/15/2025,South Africa
319,Brian Smith,4/2/2025,Cayman Islands
320,Darren Marshall,9/23/2024,Marshall Islands
321,Veronica Rogers,10/8/2024,French Southern Territories
322,John Gonzalez,3/8/2025,Belarus
323,Randy Warren,4/2/2025,American Samoa
324,Dr. Joseph Hickman,11/4/2023,Saint Martin
325,Christopher Campbell,4/19/2025,Norway
326,Robert Castaneda,7/20/2025,Italy
327,Steven Newton,9/30/2023,Namibia
328,Joseph Gonzalez,6/1/2024,Lithuania
329,Tammy Sandoval,10/2/2023,Pitcairn Islands
330,Carlos Sandoval,1/29/2025,Seychelles
331,Audrey Mack,4/8/2024,Norway
332,Nicholas Weber,7/12/2025,Monaco
333,Brittany Conrad,8/12/2025,Poland
334,Perry Ballard,7/27/2025,Belize
335,Tara Yoder,9/26/2023,Iraq
336,Daniel Rocha,12/22/2023,Uzbekistan
337,Patricia Robbins,6/5/2024,Denmark
338,Dorothy Carey,6/4/2025,Israel
339,Gregory Clark,7/18/2025,Niger
340,Justin Mccoy,6/5/2024,Zimbabwe
341,Lori Wilson,12/7/2024,Vietnam
342,Wayne Gonzalez,6/6/2025,Tokelau
343,Tiffany Clark,3/23/2024,Bangladesh
344,Nina Taylor,3/22/2025,Timor-Leste
345,Renee Mcknight,8/21/2024,Samoa
346,Karen Montgomery,10/16/2023,Holy See (Vatican City State)
347,Melissa Cooper,7/7/2024,Myanmar
348,Rebecca Mcclure,5/23/2024,French Guiana
349,Jesus Carpenter,11/14/2024,Monaco
350,Debra Nguyen,8/23/2023,Belize
351,Nathan Johnson,11/7/2023,Bangladesh
352,Jeffrey Moore,4/12/2024,Nauru
353,Valerie Martin,4/26/2025,Switzerland
354,Katherine Snyder,10/5/2024,Falkland Islands (Malvinas)
355,Evelyn Cooper,1/12/2025,Indonesia
356,Jenna Winters,7/27/2024,Bosnia and Herzegovina
357,Christopher Underwood,7/2/2024,Trinidad and Tobago
358,Michael Gutierrez,4/9/2025,Somalia
359,Miss Tina Jones DDS,5/12/2025,French Guiana
360,Susan Lee,1/27/2025,Brazil
361,Sandra Smith,7/18/2024,French Southern Territories
362,Ivan Walters,3/16/2024,American Samoa
363,James Dixon,4/5/2025,Thailand
364,Denise Howell,10/30/2024,Croatia
365,Amber Clark,9/26/2023,Tanzania
366,Joseph Hall,6/26/2024,Wallis and Futuna
367,Jared Landry,9/25/2024,Nauru
368,Eric Miller,11/2/2024,Grenada
369,Susan Fernandez,2/11/2024,French Polynesia
370,Terry Jones,1/12/2024,Kazakhstan
371,Brenda Bowers,12/4/2023,Macedonia
372,Daniel Stewart,2/13/2024,Swaziland
373,Anthony Austin,5/15/2025,Tokelau
374,Kurt Hayes,4/19/2024,Palestinian Territory
375,Bryan Clark,12/18/2024,Senegal
376,John Jones,10/29/2024,Slovakia (Slovak Republic)
377,Christopher Thompson,8/17/2025,Norway
378,Richard Freeman,12/31/2024,Guatemala
379,Antonio Parker,11/14/2023,Armenia
380,Dylan King,1/20/2025,Dominica
381,David Stevens,6/22/2025,China
382,Gina Davis,3/29/2024,Madagascar
383,Michael Miller,11/1/2024,Greenland
384,Brandon Gonzalez,4/28/2024,Liberia
385,Suzanne Powell,4/9/2025,Argentina
386,Dawn Gregory,4/21/2024,Libyan Arab Jamahiriya
387,George Caldwell,7/17/2025,Benin
388,Elizabeth Haynes,3/20/2025,Niue
389,Robert Perry,6/13/2025,Iran
390,Erica Jennings,3/15/2025,Suriname
391,Jamie Dennis,10/2/2024,Azerbaijan
392,Corey Saunders,12/12/2023,Netherlands
393,Emily Campbell,12/19/2024,Mauritania
394,Kyle Olsen,6/2/2025,Montserrat
395,Victoria Hudson,10/28/2023,Ghana
396,Claudia Sexton,6/17/2024,Mauritania
397,Yesenia King,4/5/2024,Netherlands Antilles
398,Matthew Michael,4/4/2025,Suriname
399,John Henderson,11/28/2024,Algeria
400,Matthew Peck,4/5/2024,Zambia
401,Thomas Mayo,5/2/2025,Costa Rica
402,Timothy Gross,1/5/2025,Burkina Faso
403,Nathaniel Holland,1/4/2025,Philippines
404,Erin Young,9/27/2023,Slovenia
405,Lawrence Johnson,4/13/2025,Yemen
406,Mr. Brian Roberts,3/11/2025,Mauritius
407,Paula Bates,3/6/2025,Italy
408,Kelly Andrews,7/3/2024,Ukraine
409,Brenda Sullivan,2/10/2024,British Virgin Islands
410,Robert Levine,7/6/2024,Guyana
411,Mrs. Kimberly Evans,12/11/2024,Jersey
412,Michael Smith,7/7/2025,Hong Kong
413,Michael Moore,11/8/2024,France
414,Christopher Shepard,12/23/2023,Sri Lanka
415,Barry Hoover,8/5/2025,Norway
416,Joel Roberts,3/29/2025,Kuwait
417,Hannah Cruz,3/16/2024,Liberia
418,Jodi Lopez,5/12/2025,Cuba
419,Anthony Velez,11/26/2023,Chile
420,Jamie Chavez,12/28/2024,Niue
421,Robert Smith,11/4/2024,Serbia
422,Jennifer Griffin,9/8/2023,Brazil
423,Leslie Lee,9/15/2023,Uzbekistan
424,Paige Dodson,7/10/2025,Serbia
425,Alexis Pierce,3/8/2025,Montenegro
426,Nancy Reynolds,5/27/2024,Bouvet Island (Bouvetoya)
427,Brittany Luna,10/27/2024,Macao
428,Victoria Berg,11/11/2023,Korea
429,Timothy Wolfe,5/4/2024,Seychelles
430,Melissa Peck,9/2/2023,Lesotho
431,Kirsten Harrison,3/26/2025,Comoros
432,Rodney Mason,11/28/2023,San Marino
433,Jill Cooper,7/11/2024,Uzbekistan
434,Jerome Patel,3/17/2025,Luxembourg
435,Kevin Riggs,3/24/2024,Saint Pierre and Miquelon
436,Rebecca Allen,9/11/2023,Tuvalu
437,Dr. Rita Ramos,2/28/2025,China
438,Krystal Jones,10/4/2023,Malawi
439,Johnathan Pearson,4/9/2025,Samoa
440,Bryan Martinez,1/12/2024,Western Sahara
441,Tracy Rodriguez,8/13/2024,Mongolia
442,Jeffery Davidson,5/6/2025,Afghanistan
443,Dr. Edgar Neal,3/3/2025,Eritrea
444,Patrick Harrison,12/19/2024,Ecuador
445,Jeffrey Martin,3/20/2025,Austria
446,Brian Freeman,7/29/2024,Equatorial Guinea
447,Jeffrey Pearson,11/15/2024,Swaziland
448,Madison Lewis,1/12/2024,United Kingdom
449,Michael Pratt,11/4/2023,Nicaragua
450,John Murphy,1/29/2024,British Indian Ocean Territory (Chagos Archipelago)
451,Felicia Trevino,7/16/2024,Afghanistan
452,Ashley Romero,11/19/2024,Belarus
453,Amanda Curry,9/9/2024,Estonia
454,Christopher Coleman,1/30/2024,Timor-Leste
455,Timothy Powell,10/13/2023,Finland
456,Brian Brown,3/22/2024,South Georgia and the South Sandwich Islands
457,Patrick Marsh,4/6/2025,Dominica
458,Stephen Brooks,7/22/2024,Reunion
459,Kaitlin Bennett,8/8/2025,Angola
460,Glen Benton,2/27/2024,Tunisia
461,Misty Scott,6/9/2024,Macao
462,Michael Allen,3/10/2024,Ukraine
463,Neil Rivera,12/5/2023,Korea
464,Patricia Martin,8/18/2025,Liechtenstein
465,Paula Graves,8/10/2025,Guatemala
466,Kenneth Sims,9/4/2023,Benin
467,William White,11/7/2023,Venezuela
468,Michael Davis,5/27/2025,Tokelau
469,James Barron,9/15/2023,Cuba
470,Thomas Scott,10/24/2023,Guinea
471,Hector Carter,12/16/2024,Northern Mariana Islands
472,Ariel Rodriguez,4/23/2025,Spain
473,Briana Harris,3/17/2024,Cyprus
474,Allison Lee,12/12/2023,Pitcairn Islands
475,Maria Hunt,5/23/2024,United Kingdom
476,Alejandra Fuller,1/25/2025,Saudi Arabia
477,Kimberly Parsons,10/19/2024,British Indian Ocean Territory (Chagos Archipelago)
478,Christopher Hughes,6/19/2025,Barbados
479,Cristian Garcia,7/19/2024,Belize
480,Melissa Bradley,3/25/2024,Bolivia
481,Hannah Smith,7/21/2024,Puerto Rico
482,Isabel Taylor MD,9/6/2023,Montserrat
483,Ronald Kelly,11/3/2024,United Arab Emirates
484,Gabriel Meyer,11/15/2023,Canada
485,Carlos Lopez,5/27/2024,Saudi Arabia
486,Robert Maxwell,11/30/2024,Suriname
487,Kelly Wheeler,2/8/2025,Sierra Leone
488,Erik Leach,6/14/2024,Serbia
489,Erica Lewis,5/25/2024,Nepal
490,Monica Long,1/15/2024,Equatorial Guinea
491,Dylan Nixon,3/13/2025,Estonia
492,Richard Howard,9/20/2023,British Indian Ocean Territory (Chagos Archipelago)
493,Sara Myers,4/30/2025,Ethiopia
494,Andrew Cunningham,2/10/2025,Aruba
495,Mary James,8/10/2024,Argentina
496,Scott Brown,7/13/2024,Cameroon
497,Tina Mata,4/14/2025,Greenland
498,Brandy Fuller,7/22/2024,Egypt
499,Meredith Garcia,11/8/2024,United States Minor Outlying Islands
500,Sabrina Jones,4/16/2024,Zambia
501,Anthony Smith,9/27/2024,Jordan
502,Rodney Collier,10/23/2023,New Zealand
503,John Marshall MD,10/5/2023,United States of America
504,Karen Jenkins,4/30/2025,Faroe Islands
505,John Lopez,3/6/2025,Tajikistan
506,Eric Ingram,9/12/2024,Bosnia and Herzegovina
507,Michelle Hancock,4/7/2025,Tunisia
508,Jacqueline Hays,8/24/2023,Svalbard & Jan Mayen Islands
509,Carlos Moran DDS,6/12/2024,Norfolk Island
510,Kayla Conway,6/4/2025,Cook Islands
511,Leslie Baker,1/31/2025,Bahamas
512,Amanda Lee,7/31/2024,Indonesia
513,Jennifer Gill,6/17/2025,Nigeria
514,Samantha Howard,8/17/2024,Anguilla
515,Christine Foster,10/10/2024,Eritrea
516,Hannah Hernandez,6/26/2024,Israel
517,Paul Mullins,3/26/2024,Reunion
518,Jenna Mcintyre,4/29/2024,Swaziland
519,Crystal Beard,6/21/2024,Guernsey
520,Edward Myers,10/15/2024,Trinidad and Tobago
521,Kyle Alexander,10/25/2023,Liechtenstein
522,Caitlin Melton,11/4/2023,Senegal
523,Joseph Guerra,5/16/2024,Faroe Islands
524,Denise Farmer,8/14/2024,Marshall Islands
525,Robert Garcia,8/19/2025,Swaziland
526,Kenneth Petersen,7/30/2025,Cameroon
527,Matthew Roberts,2/19/2024,Gibraltar
528,Rebekah Allen,12/16/2024,Canada
529,Keith Graham,10/31/2023,Moldova
530,Meghan Moreno,1/19/2025,Macao
531,Daniel Franco,8/17/2024,Luxembourg
532,Anthony Osborne,5/9/2025,Suriname
533,Jonathan Robinson,10/28/2024,British Indian Ocean Territory (Chagos Archipelago)
534,Rebecca Ross,8/20/2024,Montenegro
535,Daniel Davis,5/9/2025,Lebanon
536,Julie Reid,12/16/2024,Faroe Islands
537,Adam Shields,9/25/2023,Iran
538,Bryan Daniels,4/28/2025,Belgium
539,Thomas Hinton,3/19/2025,Yemen
540,Cesar Murphy,10/24/2024,British Indian Ocean Territory (Chagos Archipelago)
541,Heather Sampson PhD,6/12/2025,Armenia
542,Mark Ross,10/19/2023,Nepal
543,Barbara Campbell,9/23/2023,Fiji
544,Vanessa Mullins,3/14/2025,Turkey
545,James Thomas,6/7/2025,Palestinian Territory
546,Eric Poole,2/15/2024,Bosnia and Herzegovina
547,Sean Fuller,8/26/2023,Myanmar
548,Chelsea Cantrell,10/4/2023,Costa Rica
549,Kimberly Roth,7/30/2024,Paraguay
550,Samantha Hawkins,11/19/2024,Tunisia
551,Mark Conway,2/22/2024,Saint Barthelemy
552,Jeffrey Ross,2/21/2025,Bahamas
553,Anthony Miller,8/25/2023,India
554,Seth Holt,12/1/2024,Panama
555,Jacob Henson,9/21/2024,Afghanistan
556,Amy Conway,9/3/2024,Cayman Islands
557,Sheri Williams,2/19/2024,French Guiana
558,Evelyn Carlson,2/15/2025,Libyan Arab Jamahiriya
559,John Walsh,1/11/2024,Albania
560,Lucas Garcia,6/2/2025,Montserrat
561,Jessica Cooke,7/28/2025,Brunei Darussalam
562,Taylor Cox,8/19/2024,Gabon
563,Amanda Bernard,11/15/2024,Tanzania
564,Brooke Nguyen,12/29/2024,Ukraine
565,Patricia Owens,2/13/2024,Denmark
566,Mary Gonzalez,8/9/2025,Denmark
567,Brian Stuart,12/7/2024,Bangladesh
568,Hannah Rivas,9/27/2024,Suriname
569,Jerry Martin,1/7/2025,Guatemala
570,Crystal Hall,5/14/2024,Greece
571,Mary Lopez,7/3/2025,Marshall Islands
572,Matthew Carter,9/11/2024,Macedonia
573,Michael Wyatt,3/26/2025,Argentina
574,Sarah Garcia,6/18/2025,Ghana
575,Timothy Bryant,7/23/2025,Sao Tome and Principe
576,Charles Hogan,11/2/2023,Singapore
577,Sara Mason,10/6/2023,Australia
578,Diana King,4/18/2024,British Virgin Islands
579,Anna Baker MD,3/10/2024,Mexico
580,Brian Montgomery,12/1/2024,Mozambique
581,Lori Hall,9/27/2024,Madagascar
582,James Johnson,11/23/2024,Armenia
583,Michelle Yang,10/4/2024,Greenland
584,Jennifer Jones,3/10/2025,Georgia
585,Jennifer Hanson,10/26/2023,Taiwan
586,Matthew Mccann,12/16/2024,Gabon
587,Rose Cox,8/28/2023,Bahamas
588,Bryan Cook,3/14/2025,Philippines
589,Alicia Tate,5/27/2024,Tuvalu
590,Heidi Walls,2/16/2025,Benin
591,James Fisher,5/18/2025,Greenland
592,Stephanie Hall,4/28/2024,Timor-Leste
593,Dr. Julia Montgomery,10/19/2023,Brunei Darussalam
594,Jonathan Wells,3/23/2025,Poland
595,Scott Green,11/23/2024,Turks and Caicos Islands
596,Roy Davis,5/25/2024,China
597,Shannon Peterson,10/17/2024,Papua New Guinea
598,Daniel Baker,1/14/2024,Netherlands
599,Jonathan Klein,5/21/2025,United States of America
600,Lisa Rodriguez,10/2/2024,Nicaragua
601,Samuel Jones,9/24/2023,Nicaragua
602,Mr. Thomas Gutierrez MD,10/9/2023,Greenland
603,John Butler,5/18/2024,Thailand
604,Kimberly Taylor,4/9/2024,South Africa
605,Kaitlin Davis,12/15/2024,Marshall Islands
606,Lisa Williams,12/15/2023,American Samoa
607,Jamie Atkins,12/11/2023,Nigeria
608,Melanie Gonzalez,12/25/2023,Egypt
609,Bailey Garcia,6/19/2024,Hong Kong
610,Ryan Johnston,3/22/2025,Vanuatu
611,Joanna Baker,1/30/2025,South Africa
612,Duane Alexander,1/27/2024,Uzbekistan
613,Lisa Gardner,3/22/2025,Slovakia (Slovak Republic)
614,Edwin Mcknight,1/25/2024,Maldives
615,Dylan Walters,6/28/2025,Ecuador
616,David Jones,7/17/2024,Denmark
617,Edwin Oliver,12/25/2024,Madagascar
618,Michael Wells,7/7/2024,Costa Rica
619,Melissa Herrera,6/24/2024,Malta
620,Derek Armstrong,5/21/2024,Antarctica (the territory South of 60 deg S)
621,David Thomas,2/17/2024,French Southern Territories
622,Michael Ferguson,10/4/2023,Hungary
623,Maria Griffin,1/26/2024,Finland
624,Heather Hughes,2/25/2024,United States Minor Outlying Islands
625,Melanie Chen,4/19/2024,Saint Martin
626,Jessica Nelson,6/30/2025,Slovakia (Slovak Republic)
627,John Ross,7/3/2024,Dominica
628,Taylor Myers,1/17/2025,Saint Martin
629,Joseph Lee,1/2/2024,Syrian Arab Republic
630,Gary Carlson,9/17/2023,Congo
631,Elizabeth West,1/30/2025,Malawi
632,Samuel Rojas,2/13/2024,South Africa
633,Deanna Turner,3/16/2025,Canada
634,Vicki Thomas,5/2/2025,Cote d'Ivoire
635,Michelle Watkins,3/31/2024,Bahamas
636,Raymond Johnson,2/7/2024,Lebanon
637,Sara Nichols,2/9/2025,Svalbard & Jan Mayen Islands
638,Jack Myers,9/9/2024,Macedonia
639,Austin White,8/27/2023,Botswana
640,Kelly Crawford,1/25/2024,Japan
641,Justin Williams,2/15/2025,Armenia
642,Jennifer Thompson MD,11/21/2023,Dominica
643,Linda Atkinson,8/10/2025,Cayman Islands
644,Brian Martinez,3/8/2025,Burkina Faso
645,Hannah Moreno,5/14/2024,Sweden
646,Jeremy Allison,5/31/2024,South Africa
647,David Spence,6/28/2024,Australia
648,Maria Horton,11/11/2024,Liechtenstein
649,Gregory Dorsey,5/3/2025,Denmark
650,Alexander Morgan,11/9/2024,Slovenia
651,Jasmine Malone,9/9/2024,Moldova
652,Rebecca Larsen,10/13/2023,Saint Pierre and Miquelon
653,Jason Roberts,5/15/2024,India
654,Heidi Dennis,11/1/2023,Nauru
655,Rhonda Gutierrez,2/8/2024,San Marino
656,Joshua Campbell,1/1/2024,Congo
657,Charles Jones,1/15/2024,China
658,Scott Reyes,9/15/2024,Montserrat
659,Shannon Sharp,5/9/2025,British Virgin Islands
660,Pamela Harris,5/26/2025,Aruba
661,Philip Martinez,5/14/2024,Brunei Darussalam
662,Stephen Hernandez,9/9/2024,France
663,Benjamin Miller,12/11/2023,Montenegro
664,Bernard Rhodes,10/13/2024,Netherlands Antilles
665,Derek Obrien,5/23/2025,Estonia
666,Jermaine Crawford,5/22/2025,Turkmenistan
667,Paul Moreno,8/14/2025,Ethiopia
668,Nathaniel Baird,8/21/2025,Saint Barthelemy
669,Christina Gardner,3/21/2025,India
670,Laura Richards,9/12/2023,Syrian Arab Republic
671,Rachel Zamora,4/8/2024,Panama
672,Maria Cunningham,7/24/2025,Mali
673,Mrs. Kendra Jenkins,8/4/2024,Belgium
674,Janet Wells,5/18/2024,South Georgia and the South Sandwich Islands
675,Alan Young,7/12/2025,Taiwan
676,Heather Perkins,9/8/2024,Lebanon
677,James Reynolds,9/16/2023,Puerto Rico
678,Christine Murray,5/25/2025,Cambodia
679,Daniel Martinez,10/23/2023,Saint Martin
680,Tiffany Murray,3/4/2025,South Georgia and the South Sandwich Islands
681,Eric Chandler,9/2/2024,Marshall Islands
682,Wayne Meyers,6/19/2024,Iraq
683,Cheryl Wood,2/23/2024,Nauru
684,Sarah Wiley,8/31/2023,Israel
685,Tracy Morgan,8/23/2024,Gambia
686,Sheena Carter,6/30/2024,Nicaragua
687,Daniel Cross,6/1/2025,Congo
688,Julie Sherman,4/19/2024,Paraguay
689,Shari Jones,4/29/2024,Bosnia and Herzegovina
690,Cynthia Henry,7/24/2025,Somalia
691,Allison Rivas,6/30/2024,Namibia
692,Mr. Jacob Hatfield II,11/11/2023,Armenia
693,Lisa Camacho,10/19/2024,Cyprus
694,Morgan Garza,3/4/2025,Guernsey
695,Gregory Michael,10/24/2024,Timor-Leste
696,Barbara Rubio,12/5/2024,Samoa
697,Brittany Bryant,11/13/2024,Niue
698,Clayton Young,1/23/2025,Palestinian Territory
699,Julie Soto,3/3/2024,Saint Lucia
700,Scott Patel,7/18/2025,Switzerland
701,Jacob Williams,8/9/2025,Saint Kitts and Nevis
702,Kimberly Gardner,10/9/2023,Grenada
703,Margaret Holland,10/21/2023,Sao Tome and Principe
704,Samuel Garcia,11/7/2024,Nigeria
705,Brandon Morrison,1/10/2025,Korea
706,Amanda Snyder,7/5/2024,Iraq
707,Dominique Murphy,4/10/2024,Ukraine
708,Kari Jones,1/13/2024,Malawi
709,Jose Diaz,1/2/2024,Samoa
710,William Skinner,10/1/2023,Yemen
711,Adrian Woods,2/6/2024,Monaco
712,Dawn Howard,10/13/2023,Malta
713,Scott Armstrong,7/10/2024,Cote d'Ivoire
714,Michael Trujillo,7/11/2025,French Polynesia
715,Dana Ramirez,12/17/2023,Antigua and Barbuda
716,Jennifer Brown,6/2/2025,Russian Federation
717,Kyle Thomas,7/4/2024,Romania
718,Brittany Smith,3/16/2024,Mali
719,Maureen Erickson,4/23/2024,China
720,Frank Perez,2/15/2024,El Salvador
721,Calvin Herrera,10/18/2023,Hong Kong
722,Joseph Cole,1/16/2025,Colombia
723,Sarah Ewing,8/12/2024,Saudi Arabia
724,Krista Taylor,2/12/2025,Nicaragua
725,Robert Taylor,10/10/2023,Cook Islands
726,Frances Brown,9/30/2023,Switzerland
727,Annette Johnson,7/9/2025,Swaziland
728,Whitney Bryan,9/9/2023,Saint Kitts and Nevis
729,Belinda Martin,7/15/2024,Nigeria
730,Erin Luna,4/24/2024,Jamaica
731,Lorraine Lyons,10/3/2023,Myanmar
732,Michael Wolfe,1/8/2024,Chad
733,Jennifer Hutchinson,3/18/2025,Peru
734,Alison Yoder,8/12/2024,Sweden
735,Jose Carlson,12/17/2024,Holy See (Vatican City State)
736,William Nichols,1/31/2025,Gabon
737,Jessica Wilkinson,12/15/2024,Madagascar
738,Gregg Rice,5/13/2024,Israel
739,Andrew Bell,3/16/2024,Faroe Islands
740,Melissa Love,2/5/2024,Mozambique
741,Susan Delgado,3/2/2024,Jersey
742,Nicole Buckley,10/30/2023,Albania
743,Theresa Williams DDS,3/27/2025,Kyrgyz Republic
744,Diane Martinez,5/13/2025,Canada
745,Thomas Garcia,7/18/2024,Christmas Island
746,Morgan White MD,9/29/2024,Estonia
747,Matthew Cox,12/21/2024,Central African Republic
748,Charles Ortiz,3/17/2024,Nepal
749,Robert Hughes,8/6/2024,Heard Island and McDonald Islands
750,William Norman,9/23/2023,India
751,Melissa Wright,3/24/2025,Jamaica
752,Brenda Patterson,2/8/2025,Tuvalu
753,Anthony Sherman,12/22/2023,Gabon
754,Mitchell Mcdowell,5/16/2024,Niue
755,Ronald West,9/6/2024,Saint Helena
756,Alison Webb,7/2/2024,Svalbard & Jan Mayen Islands
757,Gary Calhoun,10/4/2024,Lesotho
758,William Dudley,11/10/2024,Moldova
759,John Berry,7/15/2025,Antarctica (the territory South of 60 deg S)
760,Christina Lopez,8/23/2023,Ecuador
761,Phillip Franklin,4/18/2024,Saint Lucia
762,William Drake,1/14/2024,Ukraine
763,Thomas Haley,11/30/2023,Sierra Leone
764,Jacqueline Gutierrez,7/15/2025,Lao People's Democratic Republic
765,Mr. Benjamin Graves,3/9/2025,Iceland
766,Sarah Smith,9/27/2023,New Zealand
767,Andrew Frazier,8/18/2025,Argentina
768,Ian Joseph,7/5/2025,Israel
769,Jessica Rodriguez,3/25/2025,Ecuador
770,Michelle Adams,5/23/2025,Morocco
771,Angela Johnson,9/15/2024,Tanzania
772,Felicia Hill,2/26/2025,Lebanon
773,Linda Williams,2/27/2024,Kiribati
774,Sean Donaldson,12/8/2024,Australia
775,Nicholas Sanchez,10/18/2023,Belarus
776,Jessica Wilson,8/24/2023,Grenada
777,Dean Bowman,11/30/2024,El Salvador
778,Taylor Martinez,6/28/2025,Turkey
779,Michael Morrison,6/1/2024,Liechtenstein
780,Michael Walker,3/31/2024,Tajikistan
781,Keith Anderson,1/5/2025,Thailand
782,Michael Murray,4/30/2024,Dominica
783,Emily Phillips,10/1/2024,Algeria
784,Matthew Martin Jr.,8/3/2024,Malawi
785,Chelsea Roberts,11/18/2024,Libyan Arab Jamahiriya
786,Bradley Williams,5/18/2025,France
787,Craig Barry,9/2/2024,Cuba
788,Mr. Gregory Peterson,3/19/2025,Thailand
789,Jennifer Mitchell,8/1/2025,Nicaragua
790,Kenneth Ramos,8/26/2023,Iceland
791,Andres Ferguson,8/14/2024,Austria
792,William Oconnor,3/2/2024,Syrian Arab Republic
793,Ashley Singh,3/18/2025,Kuwait
794,Jason Morris,9/23/2023,Uruguay
795,Ashley Garcia,4/2/2024,Yemen
796,Kimberly Fowler,1/3/2024,Bahrain
797,Sarah Williams MD,2/27/2024,Gibraltar
798,Alexa Bonilla,12/21/2023,New Caledonia
799,Jennifer Leach,1/21/2024,Tanzania
800,Madeline Cross,11/15/2024,France
801,Beth Schaefer,2/19/2025,Turks and Caicos Islands
802,Brian Morris,1/25/2025,Oman
803,Benjamin Goodwin,9/5/2023,Sweden
804,Vanessa Wilson,8/11/2025,Suriname
805,Meredith Davies,9/29/2023,Romania
806,Madison Cruz,5/24/2025,Cape Verde
807,Lisa Martinez,9/3/2023,Guinea-Bissau
808,Cheryl Owens,5/9/2024,Tonga
809,Melanie Fuentes,2/13/2024,Guinea
810,Gregory Hughes,4/9/2025,Bermuda
811,Mary Rivera,9/26/2023,Anguilla
812,Debra Wallace,6/24/2025,Timor-Leste
813,Vincent Davis,4/18/2025,Bahamas
814,Robert Figueroa,11/18/2023,Austria
815,Gabrielle Ramirez,2/7/2024,Ethiopia
816,Gregory Freeman,11/17/2024,Cambodia
817,Jordan Berry,6/16/2024,Turkmenistan
818,Randall Morgan,12/24/2023,Lesotho
819,Mr. Eric Torres,11/30/2023,Gabon
820,Robert James,5/17/2024,Panama
821,David Singleton,8/19/2025,Mayotte
822,Jessica Morgan,8/29/2024,Rwanda
823,Jessica Garrett,9/28/2023,Gabon
824,Mitchell Carson,10/17/2024,Antarctica (the territory South of 60 deg S)
825,Dr. Joyce Ball,3/11/2025,Singapore
826,Brendan Mendoza,12/23/2023,Papua New Guinea
827,Jimmy Hess,5/14/2025,Nigeria
828,Michael Murphy,2/7/2024,Jersey
829,Carla Martinez,11/23/2023,Cameroon
830,Paul Richards,3/29/2024,Armenia
831,Carolyn Russo DDS,11/3/2024,Sri Lanka
832,James Suarez,7/6/2024,Dominica
833,Johnny Gilmore,4/27/2024,Rwanda
834,Matthew Jones,8/14/2024,Monaco
835,Zachary Snow,6/1/2024,Isle of Man
836,George Hicks,12/2/2024,Jordan
837,Veronica Campbell,2/15/2024,Bolivia
838,Robert Garcia,9/12/2023,Ecuador
839,Brianna Jenkins,7/25/2024,Hungary
840,George Wood,5/28/2025,Kuwait
841,Mariah Park,6/10/2024,British Indian Ocean Territory (Chagos Archipelago)
842,Kyle Cherry,7/19/2025,Guam
843,Lindsey Forbes,10/22/2023,Turks and Caicos Islands
844,Kendra Sanchez,10/17/2023,Cambodia
845,Kristina Fernandez,12/16/2024,Falkland Islands (Malvinas)
846,Jason Jones,3/24/2024,Montserrat
847,John Sims,1/18/2025,Tajikistan
848,Michael Perez,9/14/2023,French Southern Territories
849,Craig Reed,8/14/2025,Reunion
850,Denise Lopez,11/4/2024,Eritrea
851,Andrea Washington,10/18/2023,Equatorial Guinea
852,Brooke Ellis,7/7/2024,Wallis and Futuna
853,Stephanie Phillips,1/9/2025,Namibia
854,George Harris,7/15/2024,Saudi Arabia
855,Mary Conner,8/11/2025,Mexico
856,Chelsea Wilson,12/28/2023,British Virgin Islands
857,Kaitlyn French,11/27/2024,Sierra Leone
858,Ashley Brown,1/17/2024,Bulgaria
859,William Williams,10/9/2024,Zimbabwe
860,Richard Hernandez,6/24/2025,United Arab Emirates
861,Christopher Garcia,5/25/2024,Saint Kitts and Nevis
862,Taylor Fields,6/19/2025,Seychelles
863,Alexander Holland,8/14/2025,Seychelles
864,Monique Wilson,5/20/2024,Yemen
865,Karen Parker,6/3/2025,San Marino
866,Wendy Rodgers,10/3/2023,China
867,David Bryan,9/17/2023,Finland
868,Robert Brady,8/9/2024,Hungary
869,Diane Waller,9/28/2023,Togo
870,Jordan Anderson,1/20/2025,Andorra
871,Jack Reyes,9/1/2023,Belize
872,Thomas Odonnell III,3/29/2025,Eritrea
873,Daniel Thomas,12/8/2024,Zambia
874,Chad Smith,8/21/2024,Sudan
875,Timothy Alexander,2/21/2025,Cocos (Keeling) Islands
876,Mariah Morgan,2/27/2024,United States Virgin Islands
877,Aaron Pearson,6/9/2024,French Polynesia
878,Lauren Matthews,9/13/2024,Puerto Rico
879,Jacqueline Hart,6/17/2024,American Samoa
880,Mathew Lee,7/2/2024,Australia
881,Ricky Herrera,8/7/2025,Ireland
882,Eric Hernandez,6/30/2025,Benin
883,Dr. Kevin Taylor,6/24/2025,Guam
884,James Moore PhD,5/2/2025,Heard Island and McDonald Islands
885,Margaret Ewing,7/21/2024,Saint Martin
886,Christopher Clark,8/19/2024,Cayman Islands
887,Kathleen Bradshaw,11/25/2023,Guernsey
888,Cheryl Lee,2/15/2024,Cambodia
889,Andrew Simpson,12/14/2024,Dominican Republic
890,Adam Dickerson,5/19/2024,Slovenia
891,Paul Matthews,11/25/2024,Antarctica (the territory South of 60 deg S)
892,Melanie Lee,2/18/2024,Mongolia
893,Bethany Curtis,5/8/2024,Uruguay
894,Michael Merritt,6/27/2024,France
895,Amy Neal DDS,4/27/2025,Sierra Leone
896,Steve Lee,9/30/2024,Cayman Islands
897,Susan Powers,6/30/2024,British Indian Ocean Territory (Chagos Archipelago)
898,Kyle Jensen,8/22/2023,Christmas Island
899,Jonathan Pratt,12/21/2024,Iran
900,Paul Summers,9/25/2024,Belarus
901,Ryan Thomas,8/13/2025,Equatorial Guinea
902,Michael Perez,12/22/2024,Eritrea
903,Lisa Marsh,9/9/2024,Japan
904,Carolyn Rush,5/11/2024,Serbia
905,Sandra Bates,5/4/2025,China
906,Jodi Saunders,4/19/2024,New Zealand
907,Anna Carter,6/16/2025,Lithuania
908,Shawn Dominguez,5/22/2025,Samoa
909,Jennifer Mitchell,2/11/2024,Argentina
910,Johnny Mitchell,9/21/2024,Niue
911,Brady Sanford,10/30/2023,Western Sahara
912,Tony Jackson,5/1/2025,French Guiana
913,Donna Rodriguez,5/23/2025,Croatia
914,Peter Brown,9/6/2024,Kyrgyz Republic
915,Mark Gray,6/13/2024,Indonesia
916,Denise Smith,4/5/2025,Faroe Islands
917,David Hammond,8/19/2024,Ghana
918,Beverly Sims,11/18/2023,South Georgia and the South Sandwich Islands
919,Joseph Nelson,3/15/2024,Canada
920,Tanya Simpson,4/7/2024,Aruba
921,Raymond Massey,8/16/2025,Senegal
922,Stephanie Bates,10/4/2023,Comoros
923,Megan Brown,4/15/2024,Equatorial Guinea
924,Margaret Jones,9/21/2024,Western Sahara
925,Jonathan Cuevas,6/2/2024,Paraguay
926,Beverly Duffy,5/14/2025,Brunei Darussalam
927,Jay Lee,12/25/2023,Bosnia and Herzegovina
928,Jacqueline White,10/22/2024,Indonesia
929,Elizabeth Allen,11/2/2023,Sierra Leone
930,Jill Fernandez,6/10/2025,Saint Pierre and Miquelon
931,Rachel White,11/11/2024,Armenia
932,Laura Nolan DVM,8/9/2024,British Indian Ocean Territory (Chagos Archipelago)
933,Michael Miller,9/7/2023,Saint Martin
934,Raven Vincent,8/8/2025,Poland
935,Dawn Rose,8/14/2024,Belgium
936,Timothy Nelson,3/17/2024,Bermuda
937,Timothy Booth,12/17/2024,Luxembourg
938,Bryan Jordan,6/29/2024,Madagascar
939,Angela Robertson,4/16/2024,Norway
940,Zachary Campbell,11/10/2024,Puerto Rico
941,Melissa Martin,11/23/2024,Puerto Rico
942,Allen Wiggins,4/20/2025,Bangladesh
943,Yolanda Cohen,9/17/2023,Isle of Man
944,Tamara Watson,12/11/2023,Morocco
945,Rose Young,11/21/2023,Cote d'Ivoire
946,Nathan Jacobs,3/20/2024,Vietnam
947,Randy Maynard,6/22/2025,Vanuatu
948,Kerry Ellis,1/5/2024,Bermuda
949,Sarah Hudson,9/22/2023,Liechtenstein
950,Donald Chambers,7/12/2025,Dominica
951,Haley Baxter,4/24/2025,French Polynesia
952,Kimberly Long,8/22/2024,Portugal
953,Meredith Moran,12/7/2023,Kenya
954,Amy Jacobs,5/17/2025,Bulgaria
955,Savannah Gonzales,3/15/2025,Tajikistan
956,William Hicks,3/6/2024,Canada
957,Lisa Chavez,8/18/2025,Malawi
958,Terry Adams,12/5/2024,Cook Islands
959,Joshua Stewart,2/4/2025,Martinique
960,Hector Gordon,12/29/2023,Equatorial Guinea
961,Leslie Robinson,7/16/2025,Northern Mariana Islands
962,Sarah Weaver,5/30/2024,Qatar
963,Thomas Mathis,1/4/2024,French Polynesia
964,Debra Young,5/1/2025,Turkey
965,Emily Sampson,1/15/2024,Cambodia
966,Hunter Wilson,11/25/2023,Guinea-Bissau
967,Michelle Miller,1/23/2025,Malawi
968,Annette Adams,7/29/2024,Myanmar
969,Nancy Le,12/8/2023,Vanuatu
970,Joseph Lewis,7/3/2025,Kuwait
971,Justin Wiley,1/13/2025,American Samoa
972,Timothy Miller,12/2/2023,Algeria
973,Brian Quinn,11/7/2023,Ireland
974,Kayla Jackson,6/14/2024,Germany
975,Diane Rogers,10/25/2023,Burkina Faso
976,Derrick Nguyen,1/27/2024,Slovenia
977,Carrie Smith,11/15/2023,Oman
978,Joseph Clay,10/31/2023,Germany
979,Christie Case,4/8/2025,Antarctica (the territory South of 60 deg S)
980,Dawn Stewart,5/25/2025,South Africa
981,Carl Gordon,10/16/2024,Ukraine
982,Melissa Rhodes,8/8/2024,Uganda
983,Christopher White,10/14/2024,Falkland Islands (Malvinas)
984,Alexis Gomez,2/13/2024,Honduras
985,Terri Campbell,10/12/2023,Sweden
986,Taylor Smith,2/4/2024,Sudan
987,Olivia Lynch,10/31/2023,Ethiopia
988,Isaac Pierce,12/14/2023,Fiji
989,Nicholas Jimenez,10/10/2024,El Salvador
990,Thomas Jones,10/23/2023,Eritrea
991,Colin Hill,4/8/2024,Pakistan
992,Johnny Mccullough,5/26/2025,Timor-Leste
993,Zachary Pearson,8/6/2025,San Marino
994,Dustin Powell,6/4/2024,Botswana
995,Linda Ward,1/27/2025,Libyan Arab Jamahiriya
996,David Fowler,5/7/2024,New Caledonia
997,John Jones,2/5/2025,Zimbabwe
998,Mr. Tyler Lutz,12/15/2023,Cote d'Ivoire
999,Aaron Moss,9/8/2023,Montserrat
1000,Hannah Jones,4/17/2025,British Virgin Islands
