product_id,product_name,category,price
1,Trial Edition,Electronics,54.9
2,Window Plus,Fashion,450.31
3,Benefit Edition,Electronics,1355.02
4,Debate X,Electronics,1183.03
5,Help Pro,Electronics,191.92
6,Name Max,Books,1206.03
7,Kind X,Fashion,1433.46
8,Campaign Edition,Books,841.94
9,Heart Lite,Books,559.99
10,Short Pro,Fashion,1397.79
11,Know Plus,Home Appliances,315.18
12,Wind Plus,Electronics,190.03
13,Reduce Pro,Home Appliances,1695.75
14,Clearly X,Home Appliances,1615.22
15,Style Edition,Sports,1074.78
16,Let Lite,Electronics,1106.32
17,Audience Edition,Books,1771.48
18,Set Plus,Books,388.62
19,Far Pro,Electronics,1324.22
20,Right Plus,Electronics,1711.36
21,Arrive Pro,Sports,559.56
22,Different Edition,Home Appliances,329.49
23,Act Plus,Fashion,1342
24,Create Edition,Beauty,1297.83
25,Spring X,Beauty,346.42
26,System Edition,Fashion,330.99
27,Audience Lite,Home Appliances,1979.1
28,Include Edition,Beauty,1116.11
29,Way Edition,Home Appliances,1686.49
30,Line Pro,Fashion,1644.5
31,Technology Plus,Sports,539.14
32,Dog Max,Books,1753.35
33,Letter Plus,Fashion,1312.6
34,End Lite,Beauty,920.41
35,Bad Plus,Fashion,497.02
36,Major X,Books,529.17
37,Method X,Sports,1796.16
38,You Lite,Home Appliances,442.54
39,Seven Max,Books,989.56
40,Include Pro,Electronics,309.92
41,Within Max,Beauty,847.21
42,Development Pro,Sports,766.33
43,Degree Lite,Books,506.57
44,True X,Electronics,1362.17
45,Owner Pro,Beauty,1770.15
46,Own Plus,Beauty,683.65
47,Feeling Plus,Sports,320.52
48,Could Pro,Beauty,1752.33
49,Debate Plus,Books,1525.11
50,Owner X,Electronics,1741.68
51,Film Plus,Beauty,1017.79
52,Mr Max,Fashion,750.96
53,Before Max,Books,1907.23
54,Buy X,Electronics,1199.89
55,Player Lite,Electronics,228.18
56,Behind Plus,Home Appliances,482.71
57,Whom Max,Books,1894.16
58,Market Pro,Beauty,974.55
59,Appear Pro,Books,1532.84
60,Else Max,Beauty,953.19
61,Customer X,Fashion,533.79
62,Recent X,Sports,1928.9
63,Into X,Beauty,1381.29
64,Quite Edition,Home Appliances,800.99
65,View Edition,Beauty,749.97
66,Total X,Sports,246.4
67,Ok Max,Electronics,679.48
68,Customer X,Books,464.08
69,Baby Max,Electronics,146.63
70,In Edition,Electronics,461.74
71,Her Pro,Home Appliances,146.36
72,Couple Max,Home Appliances,1339.61
73,Figure Max,Books,268.96
74,Congress X,Books,947.98
75,Concern Lite,Sports,384.87
76,Either Pro,Beauty,864.95
77,Artist Lite,Sports,936.71
78,Say Edition,Electronics,1348.36
79,Law Edition,Electronics,125.92
80,Man Edition,Home Appliances,1602.18
81,Significant Pro,Fashion,387.22
82,Point X,Sports,284.66
83,Democrat Max,Home Appliances,927.94
84,Prepare Pro,Sports,1617
85,Itself X,Electronics,105.92
86,Her X,Electronics,1938.15
87,Research Max,Fashion,815.8
88,Bill Lite,Fashion,1729.98
89,Concern Pro,Fashion,761.05
90,Far Lite,Home Appliances,1853.4
91,Society Lite,Home Appliances,848.9
92,School Edition,Books,1325.43
93,Part Lite,Fashion,383.85
94,Agency Max,Electronics,1160.46
95,Close X,Electronics,1497.21
96,Seem Pro,Electronics,1170.43
97,How X,Books,319.08
98,Be X,Electronics,1703.43
99,Force Pro,Books,140.58
100,Hour Max,Sports,244.17
101,Know X,Fashion,1159.94
102,Card Pro,Books,168.56
103,Star Edition,Books,1132.63
104,From Plus,Home Appliances,412.5
105,Word Edition,Home Appliances,481.18
106,Southern Lite,Fashion,1345.02
107,Bar Plus,Sports,635.77
108,Nothing Pro,Electronics,919.28
109,Seek X,Electronics,151.16
110,Fall Max,Books,534.07
111,When Plus,Electronics,1759.14
112,Wonder Plus,Home Appliances,319.7
113,Guess X,Beauty,608.52
114,Prepare Edition,Books,20.61
115,Reality X,Home Appliances,1863.85
116,Room Pro,Fashion,532.61
117,What Pro,Beauty,1108.68
118,Instead Plus,Home Appliances,1211.64
119,Raise Edition,Home Appliances,411.18
120,During Edition,Home Appliances,1013.29
121,If Plus,Electronics,189.14
122,Stuff Lite,Home Appliances,92.95
123,Main Plus,Fashion,1276.04
124,Easy Plus,Fashion,1483.76
125,Road X,Beauty,858.24
126,Main Pro,Electronics,155.11
127,Reduce Edition,Fashion,1093.45
128,Leg Plus,Books,1107.29
129,Clear Lite,Fashion,88.45
130,Knowledge Plus,Electronics,1798.35
131,Similar Max,Beauty,502.81
132,Air Pro,Home Appliances,1561.33
133,Turn Lite,Books,1500.21
134,Condition Max,Fashion,1952.53
135,Open Max,Sports,54.45
136,However Edition,Home Appliances,1565.86
137,Lay Lite,Beauty,1728.81
138,State Max,Home Appliances,322.6
139,Note Edition,Electronics,768.17
140,Especially Pro,Sports,448.76
141,Tv Lite,Home Appliances,613.86
142,House Max,Fashion,52.21
143,Anyone Max,Sports,659.88
144,Debate Pro,Home Appliances,705.54
145,Person X,Sports,1360.64
146,Take X,Home Appliances,1878.78
147,Century Pro,Home Appliances,361.24
148,Between Plus,Electronics,221.26
149,Spring Lite,Home Appliances,1458.45
150,Sort Plus,Sports,1214.39
151,Somebody X,Electronics,773.46
152,Or X,Fashion,513.17
153,System Edition,Sports,8.37
154,Occur X,Beauty,1440.26
155,Room Edition,Beauty,1342.9
156,Star Plus,Sports,144.6
157,Spend Edition,Home Appliances,1248.2
158,Market Edition,Electronics,1440.91
159,Measure Plus,Books,622.02
160,Road Lite,Home Appliances,807.79
161,Age Plus,Books,258.94
162,Prepare Lite,Beauty,1881.03
163,Create Edition,Beauty,1806.1
164,Upon X,Books,605.39
165,Guy X,Electronics,611.23
166,Already Max,Sports,1572.59
167,Meet X,Beauty,647.89
168,Single Lite,Sports,1352.88
169,Consider X,Sports,1588.5
170,Red Edition,Fashion,1319.41
171,Land Plus,Books,1329.39
172,Focus X,Home Appliances,191.31
173,Million Max,Beauty,624.29
174,Personal Max,Fashion,53.73
175,Identify Max,Sports,1224.49
176,Hospital Pro,Sports,831.81
177,Pull Edition,Books,392.9
178,Nation Edition,Sports,991.28
179,Describe Max,Fashion,1313.84
180,Executive Pro,Electronics,1557.95
181,Quickly Max,Fashion,1609.2
182,Finish Edition,Books,931.78
183,Name X,Fashion,1835.35
184,Dinner Pro,Sports,271.01
185,General Lite,Beauty,1064.61
186,Perform X,Books,638.01
187,Paper Lite,Books,1630.94
188,See X,Sports,1661.99
189,Happy X,Sports,1794.93
190,Morning Edition,Sports,902.89
191,Should Max,Beauty,558.24
192,Know X,Sports,1255.36
193,Pretty Plus,Sports,159.58
194,Unit Plus,Fashion,547.07
195,Economic Plus,Books,165.75
196,Eat Max,Fashion,769.16
197,Standard Max,Beauty,431.84
198,Former Lite,Sports,665.11
199,Lose Lite,Sports,129.22
200,Crime Lite,Sports,1810.15
201,Among X,Beauty,43.97
202,Even X,Sports,956.57
203,Pull Plus,Home Appliances,1508.18
204,Explain Lite,Books,1496.29
205,Administration X,Books,1796.13
206,Partner Lite,Fashion,549.51
207,Factor Lite,Electronics,780.77
208,True Edition,Beauty,1597.29
209,Apply Edition,Fashion,1681.81
210,Worry Max,Books,1070.58
211,Stock Lite,Books,1130.96
212,Already Pro,Electronics,1287.29
213,Land Max,Sports,367.55
214,Compare Plus,Sports,658.07
215,Change Lite,Home Appliances,678.31
216,Response Lite,Home Appliances,1505.26
217,Debate Lite,Home Appliances,1670.65
218,Car Lite,Electronics,1499.3
219,Effort Pro,Home Appliances,452.32
220,Bank Pro,Beauty,85.31
221,Design Pro,Fashion,402.72
222,Accept Pro,Books,309
223,Nothing Max,Sports,1340.57
224,Be X,Fashion,932.74
225,Child Plus,Home Appliances,339.74
226,Able X,Beauty,1438.12
227,Industry Max,Home Appliances,220.66
228,Research Pro,Home Appliances,1153.71
229,Why Lite,Sports,1883.23
230,Yes Max,Electronics,1186.24
231,Its Edition,Fashion,208.29
232,Develop Plus,Beauty,1202.82
233,Itself Pro,Books,1566.36
234,Reduce Plus,Books,859.61
235,Fish Plus,Electronics,1014.39
236,Ground Plus,Electronics,1699.9
237,Culture Lite,Electronics,869.88
238,Avoid Plus,Beauty,1783.69
239,Other Lite,Beauty,310.22
240,Go Max,Beauty,1045.88
241,Reduce Edition,Home Appliances,1233.75
242,Nice X,Sports,932.42
243,Them Edition,Books,540.45
244,Probably Max,Electronics,561.46
245,Popular Lite,Fashion,1502.2
246,Today X,Books,1338.04
247,Security Plus,Electronics,991.14
248,Our Plus,Fashion,977.66
249,Street Plus,Home Appliances,683.98
250,Change X,Beauty,1760.81
251,Eye X,Electronics,1035.67
252,Her Max,Electronics,486.51
253,Act Lite,Sports,1112.58
254,Whose Max,Beauty,954.81
255,Enjoy Edition,Sports,899.11
256,Rock Pro,Electronics,592
257,Make Lite,Beauty,490.39
258,Change Edition,Books,741.2
259,Myself X,Books,690.8
260,Piece Edition,Books,664.93
261,Second Edition,Sports,545.48
262,Build Plus,Fashion,245.71
263,Fight Max,Home Appliances,243.51
264,Final X,Beauty,374.37
265,Still Max,Beauty,970.98
266,Use Edition,Books,1953.33
267,Also X,Books,569.58
268,Color Pro,Fashion,596.01
269,Country Plus,Fashion,608.02
270,No Edition,Books,257.53
271,Environmental Pro,Electronics,1108.95
272,Agency Edition,Fashion,1277.55
273,Prepare Lite,Electronics,1746.08
274,Rock X,Home Appliances,941.45
275,Perhaps Lite,Home Appliances,372.81
276,Condition Pro,Home Appliances,1882.42
277,Western Lite,Electronics,1645.12
278,Upon Lite,Sports,152.79
279,Rate Edition,Beauty,111.95
280,Fish Max,Books,1898.51
281,Police Pro,Fashion,241.31
282,Product Lite,Books,1194.27
283,Successful X,Fashion,1552.51
284,Program Lite,Sports,1817.47
285,Large Plus,Books,1980.11
286,Yes Plus,Books,1243.95
287,Interesting X,Beauty,202.97
288,Let Max,Beauty,426
289,Other Edition,Electronics,318.33
290,South Max,Books,154.75
291,There Pro,Sports,903.75
292,My X,Sports,586.06
293,Development Max,Home Appliances,1415.38
294,Effect Edition,Sports,147
295,Girl Max,Home Appliances,1576.72
296,Guy Edition,Books,1324.06
297,Pattern Max,Sports,233.98
298,Left Max,Beauty,302.23
299,Thing Plus,Fashion,147.46
300,Behind Max,Home Appliances,1192.11
301,Discuss X,Home Appliances,881.11
302,Heart Lite,Beauty,611.66
303,Company Lite,Home Appliances,1003.44
304,Decide Lite,Sports,165.48
305,Seek Pro,Sports,1470.4
306,Mission X,Home Appliances,56.6
307,She Max,Beauty,1672.74
308,Officer X,Books,1901.82
309,Let Edition,Home Appliances,1154.61
310,Join Max,Sports,1040.33
311,Want Lite,Home Appliances,367.07
312,Coach X,Sports,1271.4
313,Play Lite,Electronics,942.67
314,Already Lite,Home Appliances,645.51
315,Although Pro,Fashion,662.96
316,Nation Edition,Sports,579.99
317,Agent Lite,Books,78.21
318,Win Pro,Home Appliances,508.54
319,Physical Pro,Sports,1730.5
320,Media Pro,Beauty,1739.39
321,Big Lite,Sports,113.14
322,Spring X,Home Appliances,1247.15
323,Economic Lite,Beauty,886.87
324,Quickly Pro,Fashion,537.78
325,Adult Max,Home Appliances,879.04
326,Lot Edition,Sports,247.25
327,Rise Edition,Books,1599.63
328,Whatever Edition,Fashion,624.95
329,Yet Pro,Books,818.94
330,Sign Max,Electronics,925.59
331,Man Pro,Beauty,1665.13
332,Have Lite,Beauty,587.26
333,Forget Edition,Home Appliances,833.9
334,Management Lite,Sports,491.24
335,Ball X,Fashion,770.25
336,Point X,Books,1493.85
337,Significant Max,Electronics,556.11
338,Bad Lite,Home Appliances,1868.83
339,Somebody X,Home Appliances,1642
340,Suggest Plus,Beauty,600.62
341,Between X,Books,1997.81
342,Development Lite,Fashion,895.86
343,Kind Lite,Home Appliances,668.22
344,Than X,Sports,913.41
345,Last Plus,Fashion,1961.65
346,Quickly Max,Books,769.03
347,Bank Lite,Electronics,639.76
348,Rate Lite,Beauty,1827.29
349,Heavy Lite,Sports,1976.89
350,Time Edition,Fashion,993.18
351,World Pro,Fashion,1007.07
352,Might X,Home Appliances,1740.05
353,Respond Lite,Electronics,1054.27
354,Like Lite,Electronics,1446.28
355,Boy Lite,Beauty,1940.06
356,Government Pro,Sports,1564.14
357,Per Plus,Home Appliances,1248.4
358,Deal Lite,Beauty,165.23
359,Else Plus,Beauty,1719.39
360,Business Lite,Home Appliances,1255.46
361,Anything Lite,Books,76.62
362,Development Pro,Fashion,1264.17
363,Team Plus,Fashion,1494.8
364,Maintain Lite,Electronics,1521.94
365,Blood Edition,Electronics,890.14
366,Always Edition,Home Appliances,1807.33
367,Off Pro,Home Appliances,1593.31
368,Bad Plus,Home Appliances,752.81
369,Conference Max,Fashion,1064.68
370,Either X,Beauty,1586.08
371,Agree Max,Fashion,162.54
372,Drive Lite,Books,1367.85
373,Add Lite,Books,290.52
374,Smile Lite,Beauty,511.68
375,Control Plus,Beauty,23.75
376,Technology Lite,Home Appliances,1356.83
377,Indeed Max,Electronics,886.25
378,Job Plus,Books,601.81
379,Tax Lite,Beauty,503.95
380,Able Plus,Fashion,1998.75
381,Detail Lite,Electronics,478.23
382,Staff X,Home Appliances,1151.75
383,Walk Edition,Home Appliances,48.77
384,Clearly Edition,Sports,552.59
385,Office X,Beauty,1557.73
386,Rate Pro,Books,1491.62
387,Training Plus,Fashion,1216.09
388,Participant Plus,Fashion,1275.05
389,Stage X,Home Appliances,1357.14
390,Color Edition,Beauty,1363.31
391,Sport Max,Beauty,198.84
392,Begin Edition,Beauty,83.65
393,Thing Lite,Electronics,1161.25
394,Save Edition,Fashion,184.82
395,Recent Plus,Home Appliances,1496.22
396,Effect Max,Fashion,268.66
397,Education X,Home Appliances,1064.05
398,Down Plus,Fashion,517.66
399,Black Lite,Home Appliances,1494.39
400,Cell Plus,Electronics,939.32
401,Participant Pro,Fashion,1509.53
402,The Max,Beauty,1449.81
403,Eye Lite,Books,734.72
404,Agree Lite,Electronics,532.59
405,Paper Pro,Sports,740.33
406,Politics Edition,Beauty,528.01
407,Hard Lite,Beauty,1880.88
408,Site Pro,Beauty,471.47
409,Near Pro,Books,1769.05
410,Commercial X,Home Appliances,1830.94
411,Much Max,Beauty,131.12
412,Government Lite,Beauty,607.87
413,These Lite,Electronics,283.86
414,Reflect Pro,Home Appliances,1991.88
415,Yet Pro,Electronics,473.43
416,Available X,Fashion,780.35
417,Follow Plus,Beauty,1899.01
418,Bad Edition,Books,841.16
419,Center Edition,Beauty,313.27
420,Loss Lite,Beauty,202.55
421,Decide Lite,Books,819.19
422,Century Plus,Electronics,1382.11
423,Present Max,Sports,892.17
424,Fight Max,Home Appliances,203.21
425,System Edition,Home Appliances,1091.21
426,Themselves Edition,Home Appliances,125.8
427,Remain Plus,Fashion,1936.57
428,Represent Lite,Electronics,1327.22
429,Enter Edition,Beauty,1196.31
430,Second Pro,Electronics,1574.66
431,Man Max,Fashion,1575.02
432,Account Max,Electronics,1660.49
433,Many X,Fashion,1174.83
434,Name Max,Home Appliances,1549.87
435,Eye X,Electronics,558.16
436,Most Max,Fashion,1082.73
437,Crime Max,Electronics,1323.81
438,Large Pro,Fashion,34.65
439,Material Max,Books,650.92
440,School Max,Home Appliances,109.54
441,Whole Edition,Sports,1054.54
442,Sometimes Edition,Electronics,955.11
443,Identify Plus,Books,1189.36
444,Sister Lite,Books,446.99
445,Lot X,Electronics,1455.85
446,Party Edition,Books,606.75
447,Long Edition,Electronics,126.35
448,Do Lite,Sports,855.42
449,Strategy Pro,Sports,1426.24
450,Off Lite,Electronics,1799.04
451,Night Plus,Books,300.93
452,Catch Max,Home Appliances,1250.51
453,However X,Books,1425.74
454,Blue Lite,Books,1063.46
455,Age Lite,Books,1212.83
456,Himself Pro,Beauty,233.26
457,Perhaps Edition,Beauty,1756.02
458,Media X,Beauty,1731.66
459,Remain Lite,Sports,1776.74
460,Nature Lite,Home Appliances,1655.7
461,Health Lite,Sports,1460.58
462,Relationship Plus,Sports,628.48
463,Particular Plus,Home Appliances,1907.42
464,Strategy Edition,Sports,138.93
465,Than Pro,Electronics,866.59
466,Help Edition,Beauty,748.43
467,Contain Max,Books,124.66
468,Until X,Books,662.64
469,Worker Pro,Sports,710.43
470,Improve Edition,Sports,1736.84
471,So Edition,Electronics,1936.96
472,Beyond X,Home Appliances,706.53
473,Over X,Books,429.41
474,Financial Edition,Sports,452.37
475,Require Pro,Home Appliances,1691.52
476,New Plus,Electronics,1526.4
477,Reason X,Fashion,1615.41
478,Approach X,Books,1229.08
479,Glass Edition,Books,57.38
480,Tend Edition,Beauty,538.56
481,Pretty Max,Home Appliances,1406.88
482,Thing Plus,Home Appliances,705.29
483,Receive Max,Fashion,1134.81
484,Upon Lite,Electronics,288.04
485,Recently Edition,Electronics,188.06
486,Between X,Fashion,755.51
487,Beat Lite,Home Appliances,319.03
488,Guess Plus,Beauty,652.14
489,South X,Books,174.49
490,Really Pro,Fashion,319.03
491,Memory X,Electronics,1349.57
492,Likely Plus,Sports,1325.57
493,West Lite,Books,886.88
494,Early Plus,Fashion,1511.11
495,Some Pro,Home Appliances,862.68
496,Really Plus,Beauty,1358.58
497,Team Lite,Books,1335.93
498,Scientist Pro,Fashion,793.55
499,Night X,Electronics,20.34
500,Raise Plus,Fashion,1535.86
